PATH,GENRE AS SHOWN ON THE STORE,GENRE CODE FOR METADATA,GENRE ID
Music | African,African,AFRICA-00,1203
Music | African | African Dancehall,African Dancehall,AFRICAN-DANCEHALL-00,45
Music | African | African Reggae,African Reggae,AFRICAN-REGGAE-00,46
Music | African | Afrikaans,Afrikaans,AFRIKAANS-00,1281
Music | African | Afro House,Afro House,AFRO-HOUSE-00,100049
Music | African | Afro Soul,Afro Soul,AFRO-SOUL-00,100050
Music | African | Afro-Beat,Afro-Beat,AFRO-BEAT-00,1177
Music | African | Afro-folk,Afro-folk,AFRO-FOLK-00,43
Music | African | Afro-fusion,Afro-fusion,AFRO-FUSION-00,44
Music | African | Afro-Pop,Afro-Pop,AFRO-POP-00,1178
Music | African | Afrobeats,Afrobeats,AFROBEATS-00,100051
Music | African | Alte,Alte,ALTE-00,41
Music | African | Amapiano,Amapiano,AMAPIANO-00,42
Music | African | Benga,Benga,BENGA-00,100052
Music | African | Bongo-Flava,Bongo-Flava,BONGO-FLAVA-00,100053
Music | African | Chimurenga,Chimurenga,CHIMURENGA-00,50000142
Music | African | Coupé-Décalé,Coupé-Décalé,COUPE-DECALE-00,100054
Music | African | Fuji,Fuji,FUJI-00,50000145
Music | African | Genge,Genge,GENGE-00,50000139
Music | African | Gqom,Gqom,GQOM-00,100055
Music | African | Highlife,Highlife,HIGHLIFE-00,100056
Music | African | Kizomba,Kizomba,KIZOMBA-00,100058
Music | African | Kuduro,Kuduro,KUDURO-00,100057
Music | African | Kwaito,Kwaito,KWAITO-00,100059
Music | African | Kwassa,Kwassa,KWASSA-00,50000148
Music | African | Mapouka,Mapouka,MAPOUKA-00,50000151
Music | African | Maskandi,Maskandi,MASKANDI-00,100073
Music | African | Mbalax,Mbalax,MBALAX-00,100060
Music | African | Ndombolo,Ndombolo,NDOMBOLO-00,100061
Music | African | Shangaan Electro,Shangaan Electro,SHANGAAN-ELECTRO-00,100062
Music | African | Soukous,Soukous,SOUKOUS-00,100063
Music | African | Taarab,Taarab,TAARAB-00,100064
Music | African | Zouglou,Zouglou,ZOUGLOU-00,100065
Music | Alternative,Alternative,ALTERNATIVE-00,20
Music | Alternative | Chinese Alt,Chinese Alt,CHINESE-ALT-00,1230
Music | Alternative | College Rock,College Rock,COLLEGE-ROCK-00,1001
Music | Alternative | EMO,EMO,EMO-00,100018
Music | Alternative | Goth Rock,Goth Rock,GOTH-ROCK-00,1002
Music | Alternative | Grunge,Grunge,GRUNGE-00,1003
Music | Alternative | Indie Egyptian,Indie Egyptian,INDIE-EGYPTIAN-00,100098
Music | Alternative | Indie Levant,Indie Levant,INDIE-LEVANT-00,100097
Music | Alternative | Indie Maghreb,Indie Maghreb,INDIE-MAGHREB-00,100099
Music | Alternative | Indie Pop,Indie Pop,INDIE-POP-00,100020
Music | Alternative | Indie Rock,Indie Rock,INDIE-ROCK-00,1004
Music | Alternative | Korean Indie,Korean Indie,KOREAN-INDIE-00,1231
Music | Alternative | New Wave,New Wave,NEW-WAVE-00,1005
Music | Alternative | Pop Punk,Pop Punk,POP-PUNK-00,100019
Music | Alternative | Punk,Punk,PUNK-00,1006
Music | Alternative | Turkish Alternative,Turkish Alternative,TURKISH-ALT-00,100071
Music | Anime,Anime,ANIME-00,29
Music | Arabic,Arabic,MIDDLE-EAST-00,1197
Music | Arabic | Arabic Pop,Arabic Pop,ARABIC-POP-00,1286
Music | Arabic | Islamic,Islamic,ISLAMIC-00,1287
Music | Arabic | Khaleeji,Khaleeji,KHALEEJI-00,1284
Music | Arabic | Levant,Levant,LEVANT-00,100079
Music | Arabic | Maghreb Rai,Maghreb Rai,MAGHREB-RAI-00,100081
Music | Arabic | North African,North African,NORTH-AFRICAN-00,1285
Music | Blues,Blues,BLUES-00,2
Music | Blues | Acoustic Blues,Acoustic Blues,ACOUSTIC-BLUES-00,1210
Music | Blues | Chicago Blues,Chicago Blues,CHICAGO-BLUES-00,1007
Music | Blues | Classic Blues,Classic Blues,CLASSIC-BLUES-00,1009
Music | Blues | Contemporary Blues,Contemporary Blues,CONTEMPORARY-BLUES-00,1010
Music | Blues | Country Blues,Country Blues,COUNTRY-BLUES-00,1011
Music | Blues | Delta Blues,Delta Blues,DELTA-BLUES-00,1012
Music | Blues | Electric Blues,Electric Blues,ELECTRIC-BLUES-00,1013
Music | Brazilian,Brazilian,BRAZILIAN-00,1122
Music | Brazilian | Axé,Axé,AXE-00,1220
Music | Brazilian | Baile Funk,Baile Funk,BAILE-FUNK-00,1229
Music | Brazilian | Bossa Nova,Bossa Nova,BOSSA-NOVA-00,1221
Music | Brazilian | Choro,Choro,CHORO-00,1222
Music | Brazilian | Forró,Forró,FORRO-00,1223
Music | Brazilian | Frevo,Frevo,FREVO-00,1224
Music | Brazilian | MPB,MPB,MPB-00,1225
Music | Brazilian | Pagode,Pagode,PAGODE-00,1226
Music | Brazilian | Samba,Samba,SAMBA-00,1227
Music | Brazilian | Sertanejo,Sertanejo,SERTANEJO-00,1228
Music | Children's Music,Children's Music,CHILDREN-MUSIC-00,4
Music | Children's Music | Lullabies,Lullabies,LULLABIES-00,1014
Music | Children's Music | Sing-Along,Sing-Along,SING-ALONG-00,1015
Music | Children's Music | Stories,Stories,STORIES-00,1016
Music | Chinese,Chinese,CHINESE-00,1232
Music | Chinese | Chinese Classical,Chinese Classical,CHINESE-CLASSICAL-00,1233
Music | Chinese | Chinese Flute,Chinese Flute,CHINESE-FLUTE-00,1234
Music | Chinese | Chinese Opera,Chinese Opera,CHINESE-OPERA-00,1235
Music | Chinese | Chinese Orchestral,Chinese Orchestral,CHINESE-ORCHESTRAL-00,1236
Music | Chinese | Chinese Regional Folk,Chinese Regional Folk,CHINESE-REGIONAL-FOLK-00,1237
Music | Chinese | Chinese Strings,Chinese Strings,CHINESE-STRINGS-00,1238
Music | Chinese | Taiwanese Folk,Taiwanese Folk,TAIWANESE-FOLK-00,1239
Music | Chinese | Tibetan Native Music,Tibetan Native Music,TIBETAN-NATIVE-MUSIC-00,1240
Music | Christian & Gospel,Christian & Gospel,CHRISTIAN-GOSPEL-00,22
Music | Christian & Gospel | CCM,CCM,CCM-00,1094
Music | Christian & Gospel | Christian Metal,Christian Metal,CHRISTIAN-METAL-00,1095
Music | Christian & Gospel | Christian Pop,Christian Pop,CHRISTIAN-POP-00,1096
Music | Christian & Gospel | Christian Rap,Christian Rap,CHRISTIAN-RAP-00,1097
Music | Christian & Gospel | Christian Rock,Christian Rock,CHRISTIAN-ROCK-00,1098
Music | Christian & Gospel | Classic Christian,Classic Christian,CLASSIC-CHRISTIAN-00,1099
Music | Christian & Gospel | Contemporary Gospel,Contemporary Gospel,CONTEMPORARY-GOSPEL-00,1100
Music | Christian & Gospel | Gospel,Gospel,GOSPEL-00,1101
Music | Christian & Gospel | Praise & Worship,Praise & Worship,PRAISE-WORSHIP-00,1103
Music | Christian & Gospel | Southern Gospel,Southern Gospel,SOUTHERN-GOSPEL-00,1104
Music | Christian & Gospel | Traditional Gospel,Traditional Gospel,TRADITIONAL-GOSPEL-00,1105
Music | Classical,Classical,CLASSICAL-00,5
Music | Classical | Art Song,Art Song,ART-SONG-00,100001
Music | Classical | Avant-Garde,Avant-Garde,AVANT-GARDE-00,1017
Music | Classical | Baroque Era,Baroque Era,BAROQUE-00,1018
Music | Classical | Brass & Woodwinds,Brass & Woodwinds,BRASS-WOODWINDS-00,100002
Music | Classical | Cantata,Cantata,CANTATA-00,100006
Music | Classical | Cello,Cello,CELLO-00,100012
Music | Classical | Chamber Music,Chamber Music,CHAMBER-MUSIC-00,1019
Music | Classical | Chant,Chant,CHANT-00,1020
Music | Classical | Choral,Choral,CHORAL-00,1021
Music | Classical | Classical Crossover,Classical Crossover,CLASSICAL-CROSSOVER-00,1022
Music | Classical | Classical Era,Classical Era,HIGH-CLASSICAL-00,1211
Music | Classical | Contemporary Era,Contemporary Era,CONTEMPORARY-ERA-00,100004
Music | Classical | Electronic,Electronic,ELECTRONIC-01,7
Music | Classical | Guitar,Guitar,GUITAR-00,100009
Music | Classical | Impressionist,Impressionist,IMPRESSIONIST-00,1024
Music | Classical | Medieval Era,Medieval Era,MEDIEVAL-00,1025
Music | Classical | Minimalism,Minimalism,MINIMALISM-00,1026
Music | Classical | Modern Era,Modern Era,MODERN-COMPOSITION-00,1027
Music | Classical | Opera,Opera,OPERA-00,9
Music | Classical | Oratorio,Oratorio,ORATORIO-00,100005
Music | Classical | Orchestral,Orchestral,ORCHESTRAL-00,1029
Music | Classical | Percussion,Percussion,PERCUSSION-00,100013
Music | Classical | Piano,Piano,PIANO-00,100010
Music | Classical | Renaissance,Renaissance,RENAISSANCE-00,1030
Music | Classical | Romantic Era,Romantic Era,ROMANTIC-00,1031
Music | Classical | Sacred,Sacred,SACRED-00,100008
Music | Classical | Solo Instrumental,Solo Instrumental,SOLO-INSTRUMENTAL-00,100003
Music | Classical | Violin,Violin,VIOLIN-00,100011
Music | Comedy,Comedy,COMEDY-00,3
Music | Comedy | Novelty,Novelty,NOVELTY-00,1167
Music | Comedy | Standup Comedy,Standup Comedy,STANDUP-COMEDY-00,1171
Music | Country,Country,COUNTRY-00,6
Music | Country | Alternative Country,Alternative Country,ALTERNATIVE-COUNTRY-00,1033
Music | Country | Americana,Americana,AMERICANA-00,1034
Music | Country | Bluegrass,Bluegrass,BLUEGRASS-00,1035
Music | Country | Contemporary Bluegrass,Contemporary Bluegrass,CONTEMPORARY-BLUEGRASS-00,1036
Music | Country | Contemporary Country,Contemporary Country,CONTEMPORARY-COUNTRY-00,1037
Music | Country | Country Gospel,Country Gospel,COUNTRY-GOSPEL-00,1038
Music | Country | Country Hip-Hop/Rap,Country Hip-Hop/Rap,COUNTRY-HIP-HOP-RAP-00,50000130
Music | Country | Honky Tonk,Honky Tonk,HONKY-TONK-00,1039
Music | Country | Outlaw Country,Outlaw Country,OUTLAW-COUNTRY-00,1040
Music | Country | Thai Country,Thai Country,THAI-COUNTRY-00,1294
Music | Country | Traditional Bluegrass,Traditional Bluegrass,TRADITIONAL-BLUEGRASS-00,1041
Music | Country | Traditional Country,Traditional Country,TRADITIONAL-COUNTRY-00,1042
Music | Country | Urban Cowboy,Urban Cowboy,URBAN-COWBOY-00,1043
Music | Cuban,Cuban,CUBAN-00,100024
Music | Cuban | Bolero,Bolero,BOLERO-00,100029
Music | Cuban | Chachacha,Chachacha,CHACHACHA-00,100026
Music | Cuban | Guajira,Guajira,GUAJIRA-00,100027
Music | Cuban | Guaracha,Guaracha,GUARACHA-00,100030
Music | Cuban | Mambo,Mambo,MAMBO-00,100025
Music | Cuban | Son,Son,SON-00,100028
Music | Cuban | Timba,Timba,TIMBA-00,100031
Music | Dance,Dance,DANCE-00,17
Music | Dance | Breakbeat,Breakbeat,BREAKBEAT-00,1044
Music | Dance | Garage,Garage,GARAGE-00,1046
Music | Dance | Hardcore,Hardcore,HARDCORE-00,1047
Music | Dance | House,House,HOUSE-00,1048
Music | Dance | Jungle/Drum'n'bass,Jungle/Drum'n'bass,JUNGLE-DRUM-N-BASS-00,1049
Music | Dance | Maghreb Dance,Maghreb Dance,MAGHREB-DANCE-00,100105
Music | Dance | Techno,Techno,TECHNO-00,1050
Music | Dance | Trance,Trance,TRANCE-00,1051
Music | Disney,Disney,DISNEY-00,50000063
Music | Easy Listening,Easy Listening,EASY-LISTENING-00,25
Music | Easy Listening | Lounge,Lounge,LOUNGE-00,1054
Music | Easy Listening | Swing,Swing,SWING-00,1055
Music | Electronic,Electronic,ELECTRONIC-00,7
Music | Electronic | Ambient,Ambient,AMBIENT-00,1056
Music | Electronic | Bass,Bass,BASS-00,100015
Music | Electronic | Downtempo,Downtempo,DOWNTEMPO-00,1057
Music | Electronic | Dubstep,Dubstep,DUBSTEP-00,100014
Music | Electronic | Electro-Cha'abi,Electro-Cha'abi,ELECTRO-CHAABI-00,100101
Music | Electronic | Electronica,Electronica,ELECTRONICA-00,1058
Music | Electronic | IDM/Experimental,IDM/Experimental,IDM-EXPERIMENTAL-00,1060
Music | Electronic | Industrial,Industrial,INDUSTRIAL-00,1061
Music | Electronic | Levant Electronic,Levant Electronic,LEVANT-ELECTRONIC-00,100100
Music | Electronic | Maghreb Electronic,Maghreb Electronic,MAGHREB-ELECTRONIC-00,100102
Music | Enka,Enka,ENKA-00,28
Music | Fitness & Workout,Fitness & Workout,FITNESS-WORKOUT-00,50
Music | Folk,Folk,FOLK-00,1289
Music | Folk | Iraqi Folk,Iraqi Folk,IRAQI-FOLK-00,100103
Music | Folk | Khaleeji Folk,Khaleeji Folk,KHALEEJI-FOLK-00,100104
Music | French Pop,French Pop,FRENCH-POP-00,50000064
Music | German Folk,German Folk,GERMAN-FOLK-00,50000068
Music | German Pop,German Pop,GERMAN-POP-00,50000066
Music | Hip Hop/Rap,Hip Hop/Rap,HIP-HOP-RAP-00,18
Music | Hip Hop/Rap | Alternative Rap,Alternative Rap,ALTERNATIVE-RAP-00,1068
Music | Hip Hop/Rap | Chinese Hip-Hop,Chinese Hip-Hop,CHINESE-HIP-HOP-00,1241
Music | Hip Hop/Rap | Dirty South,Dirty South,DIRTY-SOUTH-00,1069
Music | Hip Hop/Rap | East Coast Rap,East Coast Rap,EAST-COAST-RAP-00,1070
Music | Hip Hop/Rap | Egyptian Hip-Hop,Egyptian Hip-Hop,EGYPTIAN-HIP-HOP-00,100094
Music | Hip Hop/Rap | Gangsta Rap,Gangsta Rap,GANGSTA-RAP-00,1071
Music | Hip Hop/Rap | Ghanaian Drill,Ghanaian Drill,GHANAIAN-DRILL-00,50000154
Music | Hip Hop/Rap | Hardcore Rap,Hardcore Rap,HARDCORE-RAP-00,1072
Music | Hip Hop/Rap | Hip-Hop,Hip-Hop,HIP-HOP-00,1073
Music | Hip Hop/Rap | Khaleeji Hip-Hop,Khaleeji Hip-Hop,KHALEEJI-HIP-HOP-00,100096
Music | Hip Hop/Rap | Korean Hip-Hop,Korean Hip-Hop,KOREAN-HIP-HOP-00,1242
Music | Hip Hop/Rap | Latin Rap,Latin Rap,LATIN-RAP-00,1074
Music | Hip Hop/Rap | Levant Hip-Hop,Levant Hip-Hop,LEVANT-HIP-HOP-00,100093
Music | Hip Hop/Rap | Maghreb Hip-Hop,Maghreb Hip-Hop,MAGHREB-HIP-HOP-00,100095
Music | Hip Hop/Rap | Old School Rap,Old School Rap,OLD-SCHOOL-RAP-00,1075
Music | Hip Hop/Rap | Rap,Rap,RAP-00,1076
Music | Hip Hop/Rap | Russian Hip-Hop,Russian Hip-Hop,RUSSIAN-HIP-HOP-00,100078
Music | Hip Hop/Rap | South African Hip-Hop,South African Hip-Hop,SOUTH-AFRICAN-HIP-HOP-00,50000157
Music | Hip Hop/Rap | Turkish Hip-Hop/Rap,Turkish Hip-Hop/Rap,TURKISH-HIP-HOP-00,100072
Music | Hip Hop/Rap | UK Hip Hop,UK Hip Hop,UK-HIP-HOP-00,100016
Music | Hip Hop/Rap | Underground Rap,Underground Rap,UNDERGROUND-RAP-00,1077
Music | Hip Hop/Rap | West Coast Rap,West Coast Rap,WEST-COAST-RAP-00,1078
Music | Holiday,Holiday,HOLIDAY-00,8
Music | Holiday | Christmas,Christmas,CHRISTMAS-00,1080
Music | Holiday | Christmas: Children's,Christmas: Children's,CHRISTMAS-CHILDRENS-00,1081
Music | Holiday | Christmas: Classic,Christmas: Classic,CHRISTMAS-CLASSIC-00,1082
Music | Holiday | Christmas: Classical,Christmas: Classical,CHRISTMAS-CLASSICAL-00,1083
Music | Holiday | Christmas: Country,Christmas: Country,CHRISTMAS-COUNTRY-00,100106
Music | Holiday | Christmas: Jazz,Christmas: Jazz,CHRISTMAS-JAZZ-00,1084
Music | Holiday | Christmas: Modern,Christmas: Modern,CHRISTMAS-MODERN-00,1085
Music | Holiday | Christmas: Pop,Christmas: Pop,CHRISTMAS-POP-00,1086
Music | Holiday | Christmas: R&B,Christmas: R&B,CHRISTMAS-R-B-00,1087
Music | Holiday | Christmas: Religious,Christmas: Religious,CHRISTMAS-RELIGIOUS-00,1088
Music | Holiday | Christmas: Rock,Christmas: Rock,CHRISTMAS-ROCK-00,1089
Music | Holiday | Easter,Easter,EASTER-00,1090
Music | Holiday | Halloween,Halloween,HALLOWEEN-00,1091
Music | Holiday | Thanksgiving,Thanksgiving,THANKSGIVING-00,1093
Music | Hörspiele,Hörspiele,HORSPIELE-00,100107
Music | Indian,Indian,INDIAN-00,1262
Music | Indian | Bollywood,Bollywood,BOLLYWOOD-00,1263
Music | Indian | Devotional & Spiritual,Devotional & Spiritual,DEVOTIONAL-SPIRITUAL-00,1267
Music | Indian | Ghazals,Ghazals,GHAZALS-00,1278
Music | Indian | Indian Classical,Indian Classical,INDIAN-CLASSICAL-00,1269
Music | Indian | Indian Folk,Indian Folk,INDIAN-FOLK-00,1279
Music | Indian | Indian Pop,Indian Pop,INDIAN-POP-00,1185
Music | Indian | Regional Indian,Regional Indian,REGIONAL-INDIAN-00,1266
Music | Indian | Sufi,Sufi,SUFI-AND-GHAZALS-00,1268
Music | Inspirational,Inspirational,INSPIRATIONAL-00,100000
Music | Instrumental,Instrumental,INSTRUMENTAL-00,53
Music | J-Pop,J-Pop,J-POP-00,27
Music | Jazz,Jazz,JAZZ-00,11
Music | Jazz | Avant-Garde Jazz,Avant-Garde Jazz,AVANT-GARDE-JAZZ-00,1106
Music | Jazz | Bebop,Bebop,BOP-00,1053
Music | Jazz | Big Band,Big Band,BIG-BAND-00,1052
Music | Jazz | Contemporary Jazz,Contemporary Jazz,CONTEMPORARY-JAZZ-00,1107
Music | Jazz | Cool Jazz,Cool Jazz,COOL-00,1209
Music | Jazz | Crossover Jazz,Crossover Jazz,CROSSOVER-JAZZ-00,1108
Music | Jazz | Dixieland,Dixieland,DIXIELAND-00,1109
Music | Jazz | Ethio Jazz,Ethio Jazz,ETHIO-JAZZ-00,50000160
Music | Jazz | Fusion,Fusion,FUSION-00,1110
Music | Jazz | Hard Bop,Hard Bop,HARD-BOP-00,1207
Music | Jazz | Latin Jazz,Latin Jazz,LATIN-JAZZ-01,1111
Music | Jazz | Mainstream Jazz,Mainstream Jazz,MAINSTREAM-JAZZ-00,1112
Music | Jazz | Ragtime,Ragtime,RAGTIME-00,1113
Music | Jazz | Smooth Jazz,Smooth Jazz,SMOOTH-JAZZ-00,1114
Music | Jazz | Trad Jazz,Trad Jazz,TRAD-JAZZ-00,1208
Music | Jazz | Vocal Jazz,Vocal Jazz,VOCAL-JAZZ-00,1175
Music | Jewish,Jewish,JEWISH-MUSIC-00,50000121
Music | Jewish | Jewish Holidays,Jewish Holidays,JEWISH-HOLIDAYS-00,50000124
Music | Jewish | Klezmer ,Klezmer,KLEZMER-01,1187
Music | Karaoke,Karaoke,KARAOKE-00,52
Music | Kayokyoku,Kayokyoku,KAYOKYOKU-00,30
Music | Korean,Korean,KOREAN-00,1243
Music | Korean | Korean Traditional,Korean Traditional,KOREAN-CLASSICAL-00,1244
Music | Latin,Latin,LATIN-00,12
Music | Latin | Alternative & Rock in Spanish,Alternative & Rock in Spanish,ALTERNATIVO-ROCK-LATINO-00,1121
Music | Latin | Baladas y Boleros,Baladas y Boleros,BALADAS-Y-BOLEROS-00,1120
Music | Latin | Contemporary Latin,Contemporary Latin,CONTEMPORARY-LATIN-00,1116
Music | Latin | Latin Urban,Latin Urban,REGGAETON-Y-HIP-HOP-00,1119
Music | Latin | Pop in Spanish,Pop in Spanish,POP-LATINO-00,1117
Music | Latin | Raices,Raices,RAICES-00,1118
Music | Latin | Regional Mexicano,Regional Mexicano,REGIONAL-MEXICANO-00,1123
Music | Latin | Salsa y Tropical,Salsa y Tropical,SALSA-Y-TROPICAL-00,1124
Music | Marching Bands,Marching Bands,MARCHING-BANDS-00,1291
Music | New Age,New Age,NEW-AGE-00,13
Music | New Age | Healing,Healing,HEALING-00,1126
Music | New Age | Meditation,Meditation,MEDITATION-00,1127
Music | New Age | Nature,Nature,NATURE-00,1128
Music | New Age | Relaxation,Relaxation,RELAXATION-00,1129
Music | New Age | Travel,Travel,TRAVEL-00,1130
Music | New Age | Yoga,Yoga,YOGA-00,100021
Music | Pop,Pop,POP-00,14
Music | Pop | Adult Contemporary,Adult Contemporary,ADULT-CONTEMPORARY-00,1131
Music | Pop | Britpop,Britpop,BRITPOP-00,1132
Music | Pop | Cantopop,Cantopop,CANTOPOP-HK-POP-00,1251
Music | Pop | Egyptian Pop,Egyptian Pop,EGYPTIAN-POP-00,100090
Music | Pop | Indo Pop,Indo Pop,INDO-POP-00,1259
Music | Pop | Iraqi Pop,Iraqi Pop,IRAQI-POP-00,100089
Music | Pop | K-Pop,K-Pop,K-POP-00,51
Music | Pop | Khaleeji Pop,Khaleeji Pop,KHALEEJI-POP-00,100092
Music | Pop | Korean Folk-Pop,Korean Folk-Pop,KOREAN-FOLK-POP-00,1252
Music | Pop | Levant Pop,Levant Pop,LEVANT-POP-00,100088
Music | Pop | Maghreb Pop,Maghreb Pop,MAGHREB-POP-00,100091
Music | Pop | Malaysian Pop,Malaysian Pop,MALAYSIAN-POP-00,1255
Music | Pop | Mandopop,Mandopop,MANDOPOP-00,1253
Music | Pop | Manilla Sound,Manilla Sound,MANILLA-SOUND-00,1258
Music | Pop | Oldies,Oldies,OLDIES-00,1293
Music | Pop | Original Pilipino Music,Original Pilipino Music,ORIGINAL-PILIPINO-MUSIC-00,1257
Music | Pop | Pinoy Pop,Pinoy Pop,PINOY-POP-00,1256
Music | Pop | Pop/Rock,Pop/Rock,POP-ROCK-00,1133
Music | Pop | Russian Pop,Russian Pop,RUSSIAN-POP-00,100076
Music | Pop | Shows,Shows,SHOWS-00,100023
Music | Pop | Soft Rock,Soft Rock,SOFT-ROCK-00,1134
Music | Pop | T-Pop,T-Pop,T-POP-00,50000163
Music | Pop | Tai-Pop,Tai-Pop,TAI-POP-00,1254
Music | Pop | Teen Pop,Teen Pop,TEEN-POP-00,1135
Music | Pop | Thai Pop,Thai Pop,THAI-POP-00,1260
Music | Pop | Turkish Pop,Turkish Pop,TURKISH-POP-00,100069
Music | R&B/Soul,R&B/Soul,R-B-SOUL-00,15
Music | R&B/Soul | Contemporary R&B,Contemporary R&B,CONTEMPORARY-R-B-00,1136
Music | R&B/Soul | Disco,Disco,DISCO-00,1137
Music | R&B/Soul | Doo Wop,Doo Wop,DOO-WOP-00,1138
Music | R&B/Soul | Funk,Funk,FUNK-00,1139
Music | R&B/Soul | Motown,Motown,MOTOWN-00,1140
Music | R&B/Soul | Neo-Soul,Neo-Soul,NEO-SOUL-00,1141
Music | R&B/Soul | Soul,Soul,SOUL-00,1143
Music | Reggae,Reggae,REGGAE-00,24
Music | Reggae | Dub,Dub,DUB-00,1193
Music | Reggae | Lovers Rock,Lovers Rock,LOVERS-ROCK-00,100017
Music | Reggae | Modern Dancehall,Modern Dancehall,DANCEHALL-00,1183
Music | Reggae | Roots Reggae,Roots Reggae,ROOTS-REGGAE-00,1192
Music | Reggae | Ska,Ska,SKA-00,1194
Music | Rock,Rock,ROCK-00,21
Music | Rock | Adult Alternative,Adult Alternative,ADULT-ALTERNATIVE-00,1144
Music | Rock | American Trad Rock,American Trad Rock,AMERICAN-TRAD-ROCK-00,1145
Music | Rock | Arena Rock,Arena Rock,ARENA-ROCK-00,1146
Music | Rock | Blues-Rock,Blues-Rock,BLUES-ROCK-00,1147
Music | Rock | British Invasion,British Invasion,BRITISH-INVASION-00,1148
Music | Rock | Chinese Rock,Chinese Rock,CHINESE-ROCK-00,1248
Music | Rock | Death Metal/Black Metal,Death Metal/Black Metal,DEATH-METAL-BLACK-METAL-00,1149
Music | Rock | Glam Rock,Glam Rock,GLAM-ROCK-00,1150
Music | Rock | Hair Metal,Hair Metal,HAIR-METAL-00,1151
Music | Rock | Hard Rock,Hard Rock,HARD-ROCK-00,1152
Music | Rock | Heavy Metal,Heavy Metal,HEAVY-METAL-00,1153
Music | Rock | Jam Bands,Jam Bands,JAM-BANDS-00,1154
Music | Rock | Korean Rock,Korean Rock,KOREAN-ROCK-00,1249
Music | Rock | Prog-Rock/Art Rock,Prog-Rock/Art Rock,PROG-ROCK-ART-ROCK-00,1155
Music | Rock | Psychedelic,Psychedelic,PSYCHEDELIC-00,1156
Music | Rock | Rock & Roll,Rock & Roll,ROCK-ROLL-00,1157
Music | Rock | Rockabilly,Rockabilly,ROCKABILLY-00,1158
Music | Rock | Roots Rock,Roots Rock,ROOTS-ROCK-00,1159
Music | Rock | Russian Rock,Russian Rock,RUSSIAN-ROCK-00,100077
Music | Rock | Southern Rock,Southern Rock,SOUTHERN-ROCK-00,1161
Music | Rock | Surf,Surf,SURF-00,1162
Music | Rock | Tex-Mex,Tex-Mex,TEX-MEX-00,1163
Music | Rock | Turkish Rock,Turkish Rock,TURKISH-ROCK-00,100070
Music | Russian,Russian,RUSSIAN-00,1299
Music | Russian | Russian Bard,Russian Bard,RUSSIAN-BARD-00,100075
Music | Russian | Russian Chanson,Russian Chanson,RUSSIAN-CHANSON-00,1270
Music | Russian | Russian Romance,Russian Romance,RUSSIAN-ROMANCE-00,100074
Music | Singer/Songwriter,Singer/Songwriter,SINGER-SONGWRITER-00,10
Music | Singer/Songwriter | Alternative Folk,Alternative Folk,ALTERNATIVE-FOLK-00,1062
Music | Singer/Songwriter | Contemporary Folk,Contemporary Folk,CONTEMPORARY-FOLK-00,1063
Music | Singer/Songwriter | Contemporary Singer/Songwriter,Contemporary Singer/Songwriter,CONTEMPORARY-SINGER-SONGWRITER-00,1064
Music | Singer/Songwriter | Folk-Rock,Folk-Rock,FOLK-ROCK-00,1065
Music | Singer/Songwriter | New Acoustic,New Acoustic,NEW-ACOUSTIC-00,1066
Music | Singer/Songwriter | Traditional Folk,Traditional Folk,TRADITIONAL-FOLK-00,1067
Music | Soundtrack,Soundtrack,SOUNDTRACK-00,16
Music | Soundtrack | Foreign Cinema,Foreign Cinema,FOREIGN-CINEMA-00,1165
Music | Soundtrack | Musicals,Musicals,MUSICALS-00,1166
Music | Soundtrack | Original Score,Original Score,ORIGINAL-SCORE-00,1168
Music | Soundtrack | Sound Effects,Sound Effects,SOUND-EFFECT-00,1288
Music | Soundtrack | TV Soundtrack,TV Soundtrack,TV-SOUNDTRACK-00,1172
Music | Soundtrack | Video Game,Video Game,VIDEOGAME-00,100032
Music | Spoken Word,Spoken Word,SPOKEN-WORD-00,50000061
Music | Tarab,Tarab,TARAB-00,100084
Music | Tarab | Egyptian Tarab,Egyptian Tarab,EGYPTIAN-TARAB-00,100086
Music | Tarab | Iraqi Tarab,Iraqi Tarab,IRAQI-TARAB-00,100085
Music | Tarab | Khaleeji Tarab,Khaleeji Tarab,KHALEEJI-TARAB-00,100087
Music | Turkish,Turkish,TURKISH-00,1300
Music | Turkish | Arabesk,Arabesk,ARABESQUE-00,1280
Music | Turkish | Fantezi,Fantezi,FANTEZI-00,100067
Music | Turkish | Halk,Halk,HALK-00,1272
Music | Turkish | Religious,Religious,RELIGIOUS-00,100068
Music | Turkish | Sanat,Sanat,SANAT-00,1273
Music | Turkish | Özgün,Özgün,OZGUN-00,100066
Music | Vocal,Vocal,VOCAL-00,23
Music | Vocal | Standards,Standards,STANDARDS-00,1173
Music | Vocal | Traditional Pop,Traditional Pop,TRADITIONAL-POP-00,1174
Music | Vocal | Trot,Trot,TROT-00,1261
Music | Vocal | Vocal Pop,Vocal Pop,VOCAL-POP-00,1176
Music | Worldwide,Worldwide,WORLD-00,19
Music | Worldwide | Asia,Asia,ASIA-00,1204
Music | Worldwide | Australia,Australia,AUSTRALIA-00,1200
Music | Worldwide | Cajun,Cajun,CAJUN-00,1179
Music | Worldwide | Calypso,Calypso,CALYPSO-00,1276
Music | Worldwide | Caribbean,Caribbean,CARIBBEAN-00,1195
Music | Worldwide | Celtic,Celtic,CELTIC-00,1180
Music | Worldwide | Celtic Folk,Celtic Folk,CELTIC-FOLK-00,1181
Music | Worldwide | Contemporary Celtic,Contemporary Celtic,CONTEMPORARY-CELTIC-00,1182
Music | Worldwide | Dangdut,Dangdut,DANGDUT-00,1274
Music | Worldwide | Dini,Dini,DINI-00,1271
Music | Worldwide | Europe,Europe,EUROPE-00,1205
Music | Worldwide | Fado,Fado,FADO-00,1297
Music | Worldwide | Farsi,Farsi,FARSI-00,1282
Music | Worldwide | Flamenco,Flamenco,FLAMENCO-00,1295
Music | Worldwide | France,France,FRANCE-00,1202
Music | Worldwide | Hawaii,Hawaii,HAWAII-00,1199
Music | Worldwide | Iberia,Iberia,IBERIA-00,1298
Music | Worldwide | Indonesian Religious,Indonesian Religious,INDONESIAN-RELIGIOUS-00,1275
Music | Worldwide | Israeli,Israeli,ISRAELI-00,1283
Music | Worldwide | Japan,Japan,JAPAN-00,1201
Music | Worldwide | North America,North America,NORTH-AMERICA-00,1198
Music | Worldwide | Polka,Polka,POLKA-00,1188
Music | Worldwide | Soca,Soca,SOCA-00,1277
Music | Worldwide | South Africa,South Africa,SOUTH-AFRICA-00,1206
Music | Worldwide | South America,South America,SOUTH-AMERICA-00,1196
Music | Worldwide | Tango,Tango,TANGO-00,1296
Music | Worldwide | Traditional Celtic,Traditional Celtic,TRADITIONAL-CELTIC-00,1189
Music | Worldwide | Worldbeat,Worldbeat,WORLDBEAT-00,1190
Music | Worldwide | Zydeco,Zydeco,ZYDECO-00,1191